ruiji0,,,,,,,,,,,,,,,,,,,,,,,,,,,,,,,,,,,,,,,,,,,,,,,,,,,,,,,,,,,,,,,,,,,,,,,,,,,,,,,,,,,,,,,,,,,,,,,,,,,,,,,,,,,,,,,,,,,,,,,,,,,,,,,,,,,,,,,,,,,,,,,,,,,,,,,,,,,,,,,,,,,,,,,,,,,,,,,,,,,,,,,,,,,,,,,,,,,,,,,,,,,,,,,,,,,,,,,,,,,,,,,,,,,,,,,,,,,,,,,,,,,,,,,,,,,,,,,,,,,,,,,,,,,,,,,,,,,,,,,,,,,,,,,,,,,,,,,,,,,,,,,,,,,,,,,,,,,,,,,,,,,,,,,,,,,,,,,,,,,,,,,,,,,,,,,,,,,,,,,,,,,,,,,,,,,,,,,,,,,,,,,,,,,,,,,,,,,,,,,,,,,,,,,,,,,,,,,,,,,,,,,,,,,,,,,,,,,,,,,,,,,,,,,,,,,,,,,,,,,,,,,,,,,,,,,,,,,,,,,,,,,,,,,,,,,,,,,,,,,,,,,,,,,,,,,,
,,,,,,,,,,,,,,,,,,,,,,,,,,,,,,,,,,,,,,,,,,,,,,,,,,,,,,,,,,,,,,,,,,,,,,,,,,,,,,,,,,,,,,,,,,,,,,,,,,,,,,,,,,,,,,,,,,,,,,,,,,,,,,,,,,,,,,,,,,,,,,,,,,,,,,,,,,,,,,,,,,,,,,,,,,,,,,,,,,,,,,,,,,,,,,,,,,,,,,,,,,,,,,,,,,,,,,,,,,,,,,,,,,,,,,,,,,,,,,,,,,,,,,,,,,,,,,,,,,,,,,,,,,,,,,,,,,,,,,,,,,,,,,,,,,,,,,,,,,,,,,,,,,,,,,,,,,,,,,,,,,,,,,,,,,,,,,,,,,,,,,,,,,,,,,,,,,,,,,,,,,,,,,,,,,,,,,,,,,,,,,,,,,,,,,,,,,,,,,,,,,,,,,,,,,,,,,,,,,,,,,,,,,,,,,,,,,,,,,,,,,,,,,,,,,,,,,,,,,,,,,,,,,,,,,,,,,,,,,,,,,,,,,,,,,,,,,,,,,,,,,,,,,,,,,,,
0.936959326,0.937345564,0.937685966,0.938073874,0.935395718,0.935800374,0.936205447,0.936602712,0.933740199,0.933711171,0.93371737,0.933728456,0.930834293,0.930832505,0.930838823,0.930861831,0.930714369,0.93072629,0.930823743,0.93123889,0.928214073,0.928210676,0.928197086,0.928209484,0.928173244,0.928186059,0.928197563,0.928200305,0.92487067,0.92489028,0.924910486,0.92493391,0.925048769,0.925026417,0.925022662,0.925018847,0.922141612,0.922206819,0.922223985,0.92225498,0.922199547,0.92218709,0.922210455,0.922221065,0.919022858,0.919023395,0.919029772,0.91908133,0.918998003,0.919508994,0.920013607,0.920511961,0.921003938,0.921490014,0.921969891,0.922444165,0.922912419,0.922906518,0.922912657,0.922925115,0.922929645,0.922924101,0.922944486,0.922876716,0.922704697,0.92271775,0.922843575,0.923317552,0.923350334,0.923377514,0.923377454,0.923404634,0.926292181,0.926284671,0.926254988,0.926262021,0.926240027,0.926319778,0.926295817,0.923483729,0.923352718,0.922909379,0.922468305,0.922007799,0.921544731,0.921145678,0.920677841,0.920222163,0.922911763,0.922429562,0.921964109,0.921476364,0.920976698,0.92050308,0.919990003,0.919533432,0.922233343,0.922233343,0.922233462,0.922233343,0.922233343,0.922233462,0.922233462,0.922233462,0.922233343,0.922233462,0.922233462,0.922233343,0.922233462,0.922233343,0.922233343,0.922233462,0.922233462,0.922239304,0.92234534,0.922851264,0.922877669,0.922864974,0.922855794,0.922813714,0.92276746,0.922782481,0.922782242,0.922783494,0.922793865,0.922844887,0.922862113,0.92283529,0.922957242,0.922974586,0.922975898,0.922988415,0.922989905,0.923048973,0.923069775,0.923038363,0.923371911,0.923371911,0.923371911,0.923371911,0.923371911,0.923371911,0.923371971,0.923371911,0.923371911,0.923868537,0.924357176,0.924827039,0.925296247,0.925768316,0.926218569,0.926630259,0.924171746,0.924171746,0.924171805,0.924171805,0.924171746,0.924171746,0.924171746,0.924171746,0.924171805,0.924098849,0.924102664,0.924042404,0.922717035,0.919651926,0.913178563,0.907064915,0.901633799,0.901577652,0.901525736,0.901517928,0.900322199,0.897233665,0.890922606,0.884824574,0.878304124,0.875184119,0.868805885,0.862458646,0.855765164,0.849512339,0.843260527,0.836579502,0.830459535,0.826799154,0.820128024,0.813417614,0.806743503,0.800050616,0.794102132,0.787443995,0.785072505,0.782084286,0.776887417,0.771802485,0.766736448,0.761738181,0.757105529,0.752230942,0.748259544,0.745495498,0.740892708,0.7364012,0.732233942,0.727648675,0.723183513,0.71911341,0.715437353,0.712935567,0.708638668,0.704569519,0.700371563,0.696223438,0.692830145,0.688838303,0.685583293,0.683392048,0.67951411,0.675569832,0.671814501,0.668379784,0.664840162,0.661073923,0.657859802,0.65585041,0.652385712,0.649023533,0.645542741,0.642090201,0.638963342,0.635590374,0.632843971,0.630938828,0.62762779,0.624249816,0.620922804,0.617621899,0.614567399,0.611339509,0.608612239,0.606822431,0.603823423,0.601020694,0.599272311,0.596234202,0.593181252,0.590247989,0.587761045,0.586112022,0.583186746,0.580313444,0.577442527,0.574600399,0.571957111,0.569167972,0.566865146,0.566828072,0.567066014,0.566974044,0.570058942,0.570041716,0.570054173,0.569954991,0.570183933,0.570236862,0.570385695,0.570286751,0.573308706,0.573412776,0.573437154,0.573393404,0.573671579,0.573638856,0.573762476,0.57378304,0.576922655,0.57666105,0.576711714,0.576664388,0.576622128,0.576658785,0.576645613,0.576646507,0.579919398,0.579869092,0.57988131,0.579747677,0.579754174,0.579829991,0.579998255,0.580006897,0.58295083,0.582974434,0.583006918,0.583054543,0.586244524,0.58622396,0.586274862,0.586275101,0.589431822,0.589450955,0.589449525,0.589334786,0.589552283,0.589505911,0.587581277,0.585638344,0.583676875,0.58169657,0.579697192,0.577678323,0.575639844,0.573717594,0.573684752,0.573673904,0.573671758,0.573664963,0.573658168,0.573636532,0.573477507,0.57346642,0.573421836,0.573406816,0.573395133,0.573253095,0.573241472,0.57309109,0.57166636,0.569907904,0.570090473,0.570078194,0.57016331,0.570149422,0.57017982,0.573315501,0.576685965,0.578709424,0.580680549,0.582661808,0.584627271,0.586450338,0.588379979,0.590161204,0.58901602,0.590879083,0.592753232,0.594622493,0.59646821,0.598186851,0.600005209,0.601692975,0.600709975,0.602489412,0.604223192,0.605967402,0.607699275,0.609306276,0.611008584,0.612579465,0.611462295,0.611446917,0.611474872,0.611414433,0.611434817,0.611681759,0.611701488,0.61165452,0.611829281,0.611810684,0.611817718,0.611806095,0.611789942,0.611641109,0.611621559,0.611698508,0.611611843,0.611598372,0.611611784,0.611604929,0.611594021,0.611398578,0.611384451,0.611465096,0.611189187,0.611187935,0.611162364,0.611124396,0.611092687,0.611163139,0.611126065,0.61119765,0.613824069,0.613804877,0.613638818,0.61362499,0.613510668,0.613588452,0.613560259,0.612133563,0.610769749,0.610769689,0.610769749,0.610769689,0.610769629,0.610769749,0.610769749,0.610769749,0.610769749,0.610769629,0.610769689,0.610769689,0.610769749,0.610769689,0.610769689,0.610769749,0.610769749,0.610870659,0.610932112,0.613353431,0.616651595,0.619865954,0.623143137,0.626650274,0.629704356,0.632878482,0.636020839,0.637347937,0.640462518,0.643686533,0.646701276,0.649832845,0.652940094,0.655822575,0.65897119,0.662097514,0.665224254,0.666516662,0.670331419,0.674657643,0.677345514,0.681780756,0.686229289,0.690658927,0.695092916,0.698768198,0.70320797,0.707619488,0.709126711,0.713528514,0.717904985,0.722310066,0.726714432,0.730926216,0.735330224,0.739563107,0.742222786,0.746536791,0.750805199,0.754891992,0.759309888,0.763524175,0.767648816,0.771896482,0.771994054,0.775414348,0.77873075,0.782211065,0.785721183,0.788700283,0.792217791,0.795619607,0.797318757,0.800901413,0.80461657,0.808247149,0.811684012,0.815234125,0.819073498,0.822781503,0.824635565,0.828363419,0.832088649,0.835982025,0.839921772,0.843586028,0.84758836,0.851360321,0.853309035,0.857409179,0.861670792,0.865956128,0.870294154,0.874396086,0.878807902,0.88307184,0.885208309,0.889517546,0.894095004,0.896303415,0.900882185,0.905575514,0.910178483,0.91468513,0.916987717,0.921796679,0.926614165,0.931526303,0.936487913,0.941200972,0.946264088,0.951111078,0.953548312
0.756067837,,,,,,,,,,,,,,,,,,,,,,,,,,,,,,,,,,,,,,,,,,,,,,,,,,,,,,,,,,,,,,,,,,,,,,,,,,,,,,,,,,,,,,,,,,,,,,,,,,,,,,,,,,,,,,,,,,,,,,,,,,,,,,,,,,,,,,,,,,,,,,,,,,,,,,,,,,,,,,,,,,,,,,,,,,,,,,,,,,,,,,,,,,,,,,,,,,,,,,,,,,,,,,,,,,,,,,,,,,,,,,,,,,,,,,,,,,,,,,,,,,,,,,,,,,,,,,,,,,,,,,,,,,,,,,,,,,,,,,,,,,,,,,,,,,,,,,,,,,,,,,,,,,,,,,,,,,,,,,,,,,,,,,,,,,,,,,,,,,,,,,,,,,,,,,,,,,,,,,,,,,,,,,,,,,,,,,,,,,,,,,,,,,,,,,,,,,,,,,,,,,,,,,,,,,,,,,,,,,,,,,,,,,,,,,,,,,,,,,,,,,,,,,,,,,,,,,,,,,,,,,,,,,,,,,,,,,,,,,,,,,,,,,,,,,,,,,,,,,,,,,,,,,,,,,,,
,,,,,,,,,,,,,,,,,,,,,,,,,,,,,,,,,,,,,,,,,,,,,,,,,,,,,,,,,,,,,,,,,,,,,,,,,,,,,,,,,,,,,,,,,,,,,,,,,,,,,,,,,,,,,,,,,,,,,,,,,,,,,,,,,,,,,,,,,,,,,,,,,,,,,,,,,,,,,,,,,,,,,,,,,,,,,,,,,,,,,,,,,,,,,,,,,,,,,,,,,,,,,,,,,,,,,,,,,,,,,,,,,,,,,,,,,,,,,,,,,,,,,,,,,,,,,,,,,,,,,,,,,,,,,,,,,,,,,,,,,,,,,,,,,,,,,,,,,,,,,,,,,,,,,,,,,,,,,,,,,,,,,,,,,,,,,,,,,,,,,,,,,,,,,,,,,,,,,,,,,,,,,,,,,,,,,,,,,,,,,,,,,,,,,,,,,,,,,,,,,,,,,,,,,,,,,,,,,,,,,,,,,,,,,,,,,,,,,,,,,,,,,,,,,,,,,,,,,,,,,,,,,,,,,,,,,,,,,,,,,,,,,,,,,,,,,,,,,,,,,,,,,,,,,,,,
,,,,,,,,,,,,,,,,,,,,,,,,,,,,,,,,,,,,,,,,,,,,,,,,,,,,,,,,,,,,,,,,,,,,,,,,,,,,,,,,,,,,,,,,,,,,,,,,,,,,,,,,,,,,,,,,,,,,,,,,,,,,,,,,,,,,,,,,,,,,,,,,,,,,,,,,,,,,,,,,,,,,,,,,,,,,,,,,,,,,,,,,,,,,,,,,,,,,,,,,,,,,,,,,,,,,,,,,,,,,,,,,,,,,,,,,,,,,,,,,,,,,,,,,,,,,,,,,,,,,,,,,,,,,,,,,,,,,,,,,,,,,,,,,,,,,,,,,,,,,,,,,,,,,,,,,,,,,,,,,,,,,,,,,,,,,,,,,,,,,,,,,,,,,,,,,,,,,,,,,,,,,,,,,,,,,,,,,,,,,,,,,,,,,,,,,,,,,,,,,,,,,,,,,,,,,,,,,,,,,,,,,,,,,,,,,,,,,,,,,,,,,,,,,,,,,,,,,,,,,,,,,,,,,,,,,,,,,,,,,,,,,,,,,,,,,,,,,,,,,,,,,,,,,,,,,
ruiji1,,,,,,,,,,,,,,,,,,,,,,,,,,,,,,,,,,,,,,,,,,,,,,,,,,,,,,,,,,,,,,,,,,,,,,,,,,,,,,,,,,,,,,,,,,,,,,,,,,,,,,,,,,,,,,,,,,,,,,,,,,,,,,,,,,,,,,,,,,,,,,,,,,,,,,,,,,,,,,,,,,,,,,,,,,,,,,,,,,,,,,,,,,,,,,,,,,,,,,,,,,,,,,,,,,,,,,,,,,,,,,,,,,,,,,,,,,,,,,,,,,,,,,,,,,,,,,,,,,,,,,,,,,,,,,,,,,,,,,,,,,,,,,,,,,,,,,,,,,,,,,,,,,,,,,,,,,,,,,,,,,,,,,,,,,,,,,,,,,,,,,,,,,,,,,,,,,,,,,,,,,,,,,,,,,,,,,,,,,,,,,,,,,,,,,,,,,,,,,,,,,,,,,,,,,,,,,,,,,,,,,,,,,,,,,,,,,,,,,,,,,,,,,,,,,,,,,,,,,,,,,,,,,,,,,,,,,,,,,,,,,,,,,,,,,,,,,,,,,,,,,,,,,,,,,,,
,,,,,,,,,,,,,,,,,,,,,,,,,,,,,,,,,,,,,,,,,,,,,,,,,,,,,,,,,,,,,,,,,,,,,,,,,,,,,,,,,,,,,,,,,,,,,,,,,,,,,,,,,,,,,,,,,,,,,,,,,,,,,,,,,,,,,,,,,,,,,,,,,,,,,,,,,,,,,,,,,,,,,,,,,,,,,,,,,,,,,,,,,,,,,,,,,,,,,,,,,,,,,,,,,,,,,,,,,,,,,,,,,,,,,,,,,,,,,,,,,,,,,,,,,,,,,,,,,,,,,,,,,,,,,,,,,,,,,,,,,,,,,,,,,,,,,,,,,,,,,,,,,,,,,,,,,,,,,,,,,,,,,,,,,,,,,,,,,,,,,,,,,,,,,,,,,,,,,,,,,,,,,,,,,,,,,,,,,,,,,,,,,,,,,,,,,,,,,,,,,,,,,,,,,,,,,,,,,,,,,,,,,,,,,,,,,,,,,,,,,,,,,,,,,,,,,,,,,,,,,,,,,,,,,,,,,,,,,,,,,,,,,,,,,,,,,,,,,,,,,,,,,,,,,,,,
0.936959326,0.937345564,0.937685966,0.938073874,0.935395718,0.935800374,0.936205447,0.936602712,0.933740199,0.933711171,0.93371737,0.933728456,0.930834293,0.930832505,0.930838823,0.930861831,0.930714369,0.93072629,0.930823743,0.93123889,0.928214073,0.928210676,0.928197086,0.928209484,0.928173244,0.928186059,0.928197563,0.928200305,0.92487067,0.92489028,0.924910486,0.92493391,0.925048769,0.925026417,0.925022662,0.925018847,0.922141612,0.922206819,0.922223985,0.92225498,0.922199547,0.92218709,0.922210455,0.922221065,0.919022858,0.919023395,0.919029772,0.91908133,0.918998003,0.919508994,0.920013607,0.920511961,0.921003938,0.921490014,0.921969891,0.922444165,0.922912419,0.922906518,0.922912657,0.922925115,0.922929645,0.922924101,0.922944486,0.922876716,0.922704697,0.92271775,0.922843575,0.923317552,0.923350334,0.923377514,0.923377454,0.923404634,0.926292181,0.926284671,0.926254988,0.926262021,0.926240027,0.926319778,0.926295817,0.923483729,0.923352718,0.922909379,0.922468305,0.922007799,0.921544731,0.921145678,0.920677841,0.920222163,0.922911763,0.922429562,0.921964109,0.921476364,0.920976698,0.92050308,0.919990003,0.919533432,0.922233343,0.922233343,0.922233462,0.922233343,0.922233343,0.922233462,0.922233462,0.922233462,0.922233343,0.922233462,0.922233462,0.922233343,0.922233462,0.922233343,0.922233343,0.922233462,0.922233462,0.922239304,0.92234534,0.922851264,0.922877669,0.922864974,0.922855794,0.922813714,0.92276746,0.922782481,0.922782242,0.922783494,0.922793865,0.922844887,0.922862113,0.92283529,0.922957242,0.922974586,0.922975898,0.922988415,0.922989905,0.923048973,0.923069775,0.923038363,0.923371911,0.923371911,0.923371911,0.923371911,0.923371911,0.923371911,0.923371971,0.923371911,0.923371911,0.923868537,0.924357176,0.924827039,0.925296247,0.925768316,0.926218569,0.926630259,0.924171746,0.924171746,0.924171805,0.924171805,0.924171746,0.924171746,0.924171746,0.924171746,0.924171805,0.924098849,0.924102664,0.924042404,0.922717035,0.919651926,0.913178563,0.907064915,0.901633799,0.901577652,0.901525736,0.901517928,0.900322199,0.897233665,0.890922606,0.884824574,0.878304124,0.87491715,0.868518233,0.862161398,0.855720937,0.849103689,0.843166828,0.836649895,0.830225885,0.82656163,0.819886327,0.81317085,0.806490183,0.799789965,0.793834805,0.787193358,0.785790086,0.787170172,0.788489282,0.789711237,0.790985584,0.786658704,0.782103121,0.779635787,0.777332008,0.772504032,0.767602205,0.763002694,0.758421421,0.753738642,0.749115229,0.744676232,0.742549777,0.737998009,0.733519495,0.729073703,0.724694073,0.720607877,0.716751993,0.712726057,0.710805118,0.706773579,0.702767789,0.69919306,0.695146441,0.691395998,0.687895358,0.684313357,0.682607651,0.679175377,0.675337791,0.671865046,0.668516159,0.665090024,0.661474824,0.658232629,0.656570971,0.653157711,0.654938579,0.656705976,0.65840441,0.659973562,0.656585515,0.653776109,0.652270138,0.649065375,0.645670712,0.644436419,0.646133602,0.647885978,0.64485395,0.641896784,0.640498698,0.642245352,0.64365989,0.64535898,0.646927238,0.648437321,0.645221651,0.642355263,0.640899956,0.636185944,0.631569326,0.626918614,0.625058472,0.620290875,0.615490377,0.610807836,0.61079073,0.606130898,0.601426363,0.596737146,0.594879329,0.5902071,0.585401237,0.58075583,0.580749452,0.577216208,0.573824108,0.570321918,0.570006311,0.566871405,0.563384533,0.559815824,0.560990393,0.557440698,0.553878665,0.55026412,0.550136745,0.546747744,0.543125749,0.539609849,0.540737867,0.537140548,0.533654571,0.52995801,0.529550195,0.525864303,0.522177935,0.518496931,0.51839596,0.513462245,0.508517921,0.503498435,0.502153575,0.497481316,0.492472708,0.487569749,0.487476289,0.48369059,0.479888767,0.476070791,0.472236484,0.468385667,0.464517981,0.460633576,0.456731886,0.45175454,0.446718603,0.441671759,0.43662852,0.431776375,0.426729262,0.421859175,0.42053175,0.415672302,0.410989523,0.406101942,0.401066482,0.396379501,0.391223878,0.386287063,0.382179409,0.377081901,0.372248352,0.368035376,0.363078773,0.358019769,0.352910876,0.351903766,0.350952595,0.349129051,0.347335488,0.345546454,0.343775481,0.342119932,0.340382636,0.338746458,0.337922245,0.336247325,0.33453849,0.332855195,0.331183225,0.329626739,0.327989131,0.326431453,0.326470464,0.330921203,0.335478514,0.339923471,0.344451696,0.348730206,0.353229314,0.357437104,0.356995881,0.362172008,0.367414117,0.372518241,0.377774775,0.382867068,0.388115615,0.39309752,0.393380523,0.398606122,0.403838873,0.409065217,0.414293677,0.418792069,0.424019426,0.429208219,0.429285973,0.434336275,0.439569861,0.444680572,0.449798346,0.45484516,0.460094422,0.464601427,0.464969724,0.470066279,0.475160003,0.480260611,0.485360146,0.490120351,0.495220542,0.50029552,0.501826882,0.507102728,0.51210767,0.517112672,0.522388041,0.527338088,0.532613695,0.537487507,0.537527084,0.541068494,0.544590116,0.54810369,0.551600039,0.554790914,0.558254898,0.561680555,0.5617612,0.565153956,0.568579018,0.571892798,0.5752846,0.578645468,0.582002342,0.585246801,0.585500479,0.588745117,0.592085481,0.595412016,0.598680735,0.601866245,0.605122626,0.608396113,0.611656845,0.614813805,0.618018329,0.621238708,0.624316216,0.627405286,0.630551159,0.633541584,0.633657813,0.63504684,0.636421442,0.6378057,0.639268458,0.640700758,0.642182231,0.64367187,0.645171463,0.64844048,0.65138191,0.654710352,0.656271935,0.65964824,0.663018465,0.666447639,0.668066323,0.671457946,0.674987316,0.678192198,0.68170464,0.685288131,0.688879728,0.690710127,0.692457378,0.696200907,0.699942231,0.703767836,0.707448065,0.711118996,0.715002298,0.718785286,0.720659912,0.724712551,0.728840053,0.732978642,0.737156332,0.740821123,0.744658113,0.748966753,0.750983715,0.756570995,0.762194872,0.767950594,0.773699105,0.779173374,0.784723818,0.79027766,0.793470383,0.798775196,0.804537773,0.807625532,0.813339591,0.819054663,0.824772358,0.830261528,0.833455622,0.839011967,0.844743311,0.850146353,0.855718195,0.861122251,0.866716981,0.872039258,0.875100672,0.880527616,0.885958672,0.890847504,0.896062851,0.901694655,0.906645119,0.909044087,0.908997953,0.914555728,0.919674158,0.925142527,0.927778363,0.933256388,0.938518584,0.943729162,0.943916261
0.717472495,,,,,,,,,,,,,,,,,,,,,,,,,,,,,,,,,,,,,,,,,,,,,,,,,,,,,,,,,,,,,,,,,,,,,,,,,,,,,,,,,,,,,,,,,,,,,,,,,,,,,,,,,,,,,,,,,,,,,,,,,,,,,,,,,,,,,,,,,,,,,,,,,,,,,,,,,,,,,,,,,,,,,,,,,,,,,,,,,,,,,,,,,,,,,,,,,,,,,,,,,,,,,,,,,,,,,,,,,,,,,,,,,,,,,,,,,,,,,,,,,,,,,,,,,,,,,,,,,,,,,,,,,,,,,,,,,,,,,,,,,,,,,,,,,,,,,,,,,,,,,,,,,,,,,,,,,,,,,,,,,,,,,,,,,,,,,,,,,,,,,,,,,,,,,,,,,,,,,,,,,,,,,,,,,,,,,,,,,,,,,,,,,,,,,,,,,,,,,,,,,,,,,,,,,,,,,,,,,,,,,,,,,,,,,,,,,,,,,,,,,,,,,,,,,,,,,,,,,,,,,,,,,,,,,,,,,,,,,,,,,,,,,,,,,,,,,,,,,,,,,,,,,,,,,,,,
,,,,,,,,,,,,,,,,,,,,,,,,,,,,,,,,,,,,,,,,,,,,,,,,,,,,,,,,,,,,,,,,,,,,,,,,,,,,,,,,,,,,,,,,,,,,,,,,,,,,,,,,,,,,,,,,,,,,,,,,,,,,,,,,,,,,,,,,,,,,,,,,,,,,,,,,,,,,,,,,,,,,,,,,,,,,,,,,,,,,,,,,,,,,,,,,,,,,,,,,,,,,,,,,,,,,,,,,,,,,,,,,,,,,,,,,,,,,,,,,,,,,,,,,,,,,,,,,,,,,,,,,,,,,,,,,,,,,,,,,,,,,,,,,,,,,,,,,,,,,,,,,,,,,,,,,,,,,,,,,,,,,,,,,,,,,,,,,,,,,,,,,,,,,,,,,,,,,,,,,,,,,,,,,,,,,,,,,,,,,,,,,,,,,,,,,,,,,,,,,,,,,,,,,,,,,,,,,,,,,,,,,,,,,,,,,,,,,,,,,,,,,,,,,,,,,,,,,,,,,,,,,,,,,,,,,,,,,,,,,,,,,,,,,,,,,,,,,,,,,,,,,,,,,,,,,
,,,,,,,,,,,,,,,,,,,,,,,,,,,,,,,,,,,,,,,,,,,,,,,,,,,,,,,,,,,,,,,,,,,,,,,,,,,,,,,,,,,,,,,,,,,,,,,,,,,,,,,,,,,,,,,,,,,,,,,,,,,,,,,,,,,,,,,,,,,,,,,,,,,,,,,,,,,,,,,,,,,,,,,,,,,,,,,,,,,,,,,,,,,,,,,,,,,,,,,,,,,,,,,,,,,,,,,,,,,,,,,,,,,,,,,,,,,,,,,,,,,,,,,,,,,,,,,,,,,,,,,,,,,,,,,,,,,,,,,,,,,,,,,,,,,,,,,,,,,,,,,,,,,,,,,,,,,,,,,,,,,,,,,,,,,,,,,,,,,,,,,,,,,,,,,,,,,,,,,,,,,,,,,,,,,,,,,,,,,,,,,,,,,,,,,,,,,,,,,,,,,,,,,,,,,,,,,,,,,,,,,,,,,,,,,,,,,,,,,,,,,,,,,,,,,,,,,,,,,,,,,,,,,,,,,,,,,,,,,,,,,,,,,,,,,,,,,,,,,,,,,,,,,,,,,,
ruiji2,,,,,,,,,,,,,,,,,,,,,,,,,,,,,,,,,,,,,,,,,,,,,,,,,,,,,,,,,,,,,,,,,,,,,,,,,,,,,,,,,,,,,,,,,,,,,,,,,,,,,,,,,,,,,,,,,,,,,,,,,,,,,,,,,,,,,,,,,,,,,,,,,,,,,,,,,,,,,,,,,,,,,,,,,,,,,,,,,,,,,,,,,,,,,,,,,,,,,,,,,,,,,,,,,,,,,,,,,,,,,,,,,,,,,,,,,,,,,,,,,,,,,,,,,,,,,,,,,,,,,,,,,,,,,,,,,,,,,,,,,,,,,,,,,,,,,,,,,,,,,,,,,,,,,,,,,,,,,,,,,,,,,,,,,,,,,,,,,,,,,,,,,,,,,,,,,,,,,,,,,,,,,,,,,,,,,,,,,,,,,,,,,,,,,,,,,,,,,,,,,,,,,,,,,,,,,,,,,,,,,,,,,,,,,,,,,,,,,,,,,,,,,,,,,,,,,,,,,,,,,,,,,,,,,,,,,,,,,,,,,,,,,,,,,,,,,,,,,,,,,,,,,,,,,,,,
,,,,,,,,,,,,,,,,,,,,,,,,,,,,,,,,,,,,,,,,,,,,,,,,,,,,,,,,,,,,,,,,,,,,,,,,,,,,,,,,,,,,,,,,,,,,,,,,,,,,,,,,,,,,,,,,,,,,,,,,,,,,,,,,,,,,,,,,,,,,,,,,,,,,,,,,,,,,,,,,,,,,,,,,,,,,,,,,,,,,,,,,,,,,,,,,,,,,,,,,,,,,,,,,,,,,,,,,,,,,,,,,,,,,,,,,,,,,,,,,,,,,,,,,,,,,,,,,,,,,,,,,,,,,,,,,,,,,,,,,,,,,,,,,,,,,,,,,,,,,,,,,,,,,,,,,,,,,,,,,,,,,,,,,,,,,,,,,,,,,,,,,,,,,,,,,,,,,,,,,,,,,,,,,,,,,,,,,,,,,,,,,,,,,,,,,,,,,,,,,,,,,,,,,,,,,,,,,,,,,,,,,,,,,,,,,,,,,,,,,,,,,,,,,,,,,,,,,,,,,,,,,,,,,,,,,,,,,,,,,,,,,,,,,,,,,,,,,,,,,,,,,,,,,,,,,
0.936959326,0.937345564,0.937685966,0.938073874,0.935395718,0.935800374,0.936205447,0.936602712,0.933740199,0.933711171,0.93371737,0.933728456,0.930834293,0.930832505,0.930838823,0.930861831,0.930714369,0.93072629,0.930823743,0.93123889,0.928214073,0.928210676,0.928197086,0.928209484,0.928173244,0.928186059,0.928197563,0.928200305,0.92487067,0.92489028,0.924910486,0.92493391,0.925048769,0.925026417,0.925022662,0.925018847,0.922141612,0.922206819,0.922223985,0.92225498,0.922199547,0.92218709,0.922210455,0.922221065,0.919022858,0.919023395,0.919029772,0.91908133,0.918998003,0.919508994,0.920013607,0.920511961,0.921003938,0.921490014,0.921969891,0.922444165,0.922912419,0.922906518,0.922912657,0.922925115,0.922929645,0.922924101,0.922944486,0.922876716,0.922704697,0.92271775,0.922843575,0.923317552,0.923350334,0.923377514,0.923377454,0.923404634,0.926292181,0.926284671,0.926254988,0.926262021,0.926240027,0.926319778,0.926295817,0.923483729,0.923352718,0.922909379,0.922468305,0.922007799,0.921544731,0.921145678,0.920677841,0.920222163,0.922911763,0.922429562,0.921964109,0.921476364,0.920976698,0.92050308,0.919990003,0.919533432,0.922233343,0.922233343,0.922233462,0.922233343,0.922233343,0.922233462,0.922233462,0.922233462,0.922233343,0.922233462,0.922233462,0.922233343,0.922233462,0.922233343,0.922233343,0.922233462,0.922233462,0.922239304,0.92234534,0.922851264,0.922877669,0.922864974,0.922855794,0.922813714,0.92276746,0.922782481,0.922782242,0.922783494,0.922793865,0.922844887,0.922862113,0.92283529,0.922957242,0.922974586,0.922975898,0.922988415,0.922989905,0.923048973,0.923069775,0.923038363,0.923371911,0.923371911,0.923371911,0.923371911,0.923371911,0.923371911,0.923371971,0.923371911,0.923371911,0.923868537,0.924357176,0.924827039,0.925296247,0.925768316,0.926218569,0.926630259,0.924171746,0.924171746,0.924171805,0.924171805,0.924171746,0.924171746,0.924171746,0.924171746,0.924171805,0.924098849,0.924102664,0.924042404,0.922717035,0.919651926,0.913178563,0.907064915,0.901633799,0.901622951,0.901571453,0.901563287,0.900182903,0.898233593,0.898185432,0.898152173,0.896980643,0.894802213,0.894774079,0.894657552,0.890939593,0.890886605,0.890874684,0.890792608,0.889747024,0.886798441,0.880939305,0.874778807,0.868140757,0.861435473,0.856003761,0.849606097,0.850094914,0.851055741,0.851977348,0.852907538,0.853831232,0.854685843,0.855587125,0.856396317,0.854102373,0.85498637,0.855872869,0.856713533,0.857572317,0.852273047,0.846977472,0.842547119,0.840138614,0.841009438,0.841915846,0.842834473,0.843711495,0.839475095,0.834535539,0.829856634,0.827604949,0.828564107,0.82950455,0.830436885,0.831284702,0.827396989,0.822827518,0.818357289,0.816473663,0.812067986,0.807475328,0.803111136,0.79947561,0.795344472,0.791237414,0.789219856,0.787213743,0.783290029,0.781208873,0.779282808,0.777004182,0.775078118,0.773222327,0.771198928,0.771192253,0.769216061,0.76705277,0.767040372,0.764953554,0.762825251,0.760830402,0.75896883,0.758966804,0.756880641,0.753436029,0.749514461,0.745712221,0.742586017,0.738785923,0.735294223,0.733509243,0.733493388,0.733663559,0.733605266,0.736460626,0.736452341,0.736456871,0.736375749,0.736622036,0.736659527,0.736760139,0.736693025,0.739469886,0.739549339,0.739561856,0.739524841,0.739814878,0.739791572,0.739874005,0.739891887,0.742782056,0.74259764,0.742630303,0.742595434,0.742523491,0.742548585,0.742536008,0.742535174,0.745601177,0.745567262,0.745575249,0.745477259,0.745480955,0.745533168,0.745651126,0.745662451,0.748383343,0.748404384,0.74842757,0.748461723,0.751440644,0.75142926,0.751456082,0.751456559,0.754385054,0.754392862,0.754391491,0.754302084,0.754521012,0.753318608,0.752104342,0.750877917,0.749639273,0.748388171,0.747124374,0.745847702,0.744558036,0.744588137,0.744568288,0.744559407,0.744561851,0.744556189,0.744551957,0.744541109,0.744379461,0.744371474,0.744335532,0.744322896,0.744314134,0.744213223,0.744204581,0.744089723,0.741106689,0.741138101,0.741272509,0.741267085,0.741333604,0.741326332,0.741360486,0.744268239,0.747424126,0.748688996,0.749913812,0.751149178,0.75237602,0.753502905,0.754706323,0.755797923,0.754152238,0.755316913,0.756481886,0.757650495,0.75880003,0.759864628,0.760999799,0.762032747,0.760583222,0.761697531,0.762776494,0.763865948,0.764949024,0.765944302,0.767008126,0.76797235,0.766415536,0.76640743,0.766428292,0.766386271,0.766397715,0.766573608,0.766584516,0.766548872,0.766720772,0.766707182,0.766713977,0.766708434,0.766697824,0.766592562,0.766577899,0.766635716,0.766551137,0.766540647,0.766550899,0.766548157,0.766540527,0.766407311,0.766395748,0.766455591,0.766264856,0.766265988,0.766257584,0.766234756,0.766219497,0.766273379,0.766251385,0.76631701,0.768767655,0.76875335,0.76863265,0.768624544,0.768544972,0.768604219,0.768579125,0.766086102,0.765955567,0.765955508,0.765955567,0.765955627,0.765955567,0.765955627,0.765955567,0.765955508,0.765955567,0.765955567,0.765955567,0.765955508,0.765955567,0.765955567,0.765955567,0.765955567,0.765955567,0.766028464,0.766074419,0.766119123,0.768759012,0.773166299,0.777410686,0.782073915,0.784816682,0.784827828,0.784883797,0.78391099,0.786637127,0.786649942,0.786621273,0.786655903,0.789356709,0.789253533,0.789269984,0.789365232,0.792016864,0.79115659,0.791104198,0.791194081,0.793545663,0.798128068,0.801925421,0.80639565,0.810909688,0.814484835,0.819096148,0.823477864,0.823498011,0.823485017,0.823494017,0.823485196,0.823472738,0.823524117,0.8235116,0.823577583,0.826051652,0.826057673,0.826038599,0.826073587,0.826065063,0.830465674,0.835045755,0.83902204,0.839132428,0.838446796,0.837732434,0.836991191,0.836263955,0.839573681,0.843503654,0.84731853,0.849311173,0.848621368,0.847926557,0.847219765,0.846558154,0.849940777,0.853974342,0.858008146,0.859863818,0.863958359,0.868303478,0.872525632,0.876171529,0.880338132,0.884561181,0.886535466,0.888790369,0.892961919,0.895091653,0.897107065,0.899496853,0.901552796,0.903600335,0.905819118,0.905827761,0.90802753,0.910474241,0.910487533,0.912885606,0.915371656,0.91773808,0.919979095,0.919981182,0.922532976,0.926930189,0.93191117,0.936841905,0.941106975,0.946230471,0.951055169,0.953548312
0.839856599,,,,,,,,,,,,,,,,,,,,,,,,,,,,,,,,,,,,,,,,,,,,,,,,,,,,,,,,,,,,,,,,,,,,,,,,,,,,,,,,,,,,,,,,,,,,,,,,,,,,,,,,,,,,,,,,,,,,,,,,,,,,,,,,,,,,,,,,,,,,,,,,,,,,,,,,,,,,,,,,,,,,,,,,,,,,,,,,,,,,,,,,,,,,,,,,,,,,,,,,,,,,,,,,,,,,,,,,,,,,,,,,,,,,,,,,,,,,,,,,,,,,,,,,,,,,,,,,,,,,,,,,,,,,,,,,,,,,,,,,,,,,,,,,,,,,,,,,,,,,,,,,,,,,,,,,,,,,,,,,,,,,,,,,,,,,,,,,,,,,,,,,,,,,,,,,,,,,,,,,,,,,,,,,,,,,,,,,,,,,,,,,,,,,,,,,,,,,,,,,,,,,,,,,,,,,,,,,,,,,,,,,,,,,,,,,,,,,,,,,,,,,,,,,,,,,,,,,,,,,,,,,,,,,,,,,,,,,,,,,,,,,,,,,,,,,,,,,,,,,,,,,,,,,,,,,
,,,,,,,,,,,,,,,,,,,,,,,,,,,,,,,,,,,,,,,,,,,,,,,,,,,,,,,,,,,,,,,,,,,,,,,,,,,,,,,,,,,,,,,,,,,,,,,,,,,,,,,,,,,,,,,,,,,,,,,,,,,,,,,,,,,,,,,,,,,,,,,,,,,,,,,,,,,,,,,,,,,,,,,,,,,,,,,,,,,,,,,,,,,,,,,,,,,,,,,,,,,,,,,,,,,,,,,,,,,,,,,,,,,,,,,,,,,,,,,,,,,,,,,,,,,,,,,,,,,,,,,,,,,,,,,,,,,,,,,,,,,,,,,,,,,,,,,,,,,,,,,,,,,,,,,,,,,,,,,,,,,,,,,,,,,,,,,,,,,,,,,,,,,,,,,,,,,,,,,,,,,,,,,,,,,,,,,,,,,,,,,,,,,,,,,,,,,,,,,,,,,,,,,,,,,,,,,,,,,,,,,,,,,,,,,,,,,,,,,,,,,,,,,,,,,,,,,,,,,,,,,,,,,,,,,,,,,,,,,,,,,,,,,,,,,,,,,,,,,,,,,,,,,,,,,,
,,,,,,,,,,,,,,,,,,,,,,,,,,,,,,,,,,,,,,,,,,,,,,,,,,,,,,,,,,,,,,,,,,,,,,,,,,,,,,,,,,,,,,,,,,,,,,,,,,,,,,,,,,,,,,,,,,,,,,,,,,,,,,,,,,,,,,,,,,,,,,,,,,,,,,,,,,,,,,,,,,,,,,,,,,,,,,,,,,,,,,,,,,,,,,,,,,,,,,,,,,,,,,,,,,,,,,,,,,,,,,,,,,,,,,,,,,,,,,,,,,,,,,,,,,,,,,,,,,,,,,,,,,,,,,,,,,,,,,,,,,,,,,,,,,,,,,,,,,,,,,,,,,,,,,,,,,,,,,,,,,,,,,,,,,,,,,,,,,,,,,,,,,,,,,,,,,,,,,,,,,,,,,,,,,,,,,,,,,,,,,,,,,,,,,,,,,,,,,,,,,,,,,,,,,,,,,,,,,,,,,,,,,,,,,,,,,,,,,,,,,,,,,,,,,,,,,,,,,,,,,,,,,,,,,,,,,,,,,,,,,,,,,,,,,,,,,,,,,,,,,,,,,,,,,,,
ruiji3,,,,,,,,,,,,,,,,,,,,,,,,,,,,,,,,,,,,,,,,,,,,,,,,,,,,,,,,,,,,,,,,,,,,,,,,,,,,,,,,,,,,,,,,,,,,,,,,,,,,,,,,,,,,,,,,,,,,,,,,,,,,,,,,,,,,,,,,,,,,,,,,,,,,,,,,,,,,,,,,,,,,,,,,,,,,,,,,,,,,,,,,,,,,,,,,,,,,,,,,,,,,,,,,,,,,,,,,,,,,,,,,,,,,,,,,,,,,,,,,,,,,,,,,,,,,,,,,,,,,,,,,,,,,,,,,,,,,,,,,,,,,,,,,,,,,,,,,,,,,,,,,,,,,,,,,,,,,,,,,,,,,,,,,,,,,,,,,,,,,,,,,,,,,,,,,,,,,,,,,,,,,,,,,,,,,,,,,,,,,,,,,,,,,,,,,,,,,,,,,,,,,,,,,,,,,,,,,,,,,,,,,,,,,,,,,,,,,,,,,,,,,,,,,,,,,,,,,,,,,,,,,,,,,,,,,,,,,,,,,,,,,,,,,,,,,,,,,,,,,,,,,,,,,,,,,
,,,,,,,,,,,,,,,,,,,,,,,,,,,,,,,,,,,,,,,,,,,,,,,,,,,,,,,,,,,,,,,,,,,,,,,,,,,,,,,,,,,,,,,,,,,,,,,,,,,,,,,,,,,,,,,,,,,,,,,,,,,,,,,,,,,,,,,,,,,,,,,,,,,,,,,,,,,,,,,,,,,,,,,,,,,,,,,,,,,,,,,,,,,,,,,,,,,,,,,,,,,,,,,,,,,,,,,,,,,,,,,,,,,,,,,,,,,,,,,,,,,,,,,,,,,,,,,,,,,,,,,,,,,,,,,,,,,,,,,,,,,,,,,,,,,,,,,,,,,,,,,,,,,,,,,,,,,,,,,,,,,,,,,,,,,,,,,,,,,,,,,,,,,,,,,,,,,,,,,,,,,,,,,,,,,,,,,,,,,,,,,,,,,,,,,,,,,,,,,,,,,,,,,,,,,,,,,,,,,,,,,,,,,,,,,,,,,,,,,,,,,,,,,,,,,,,,,,,,,,,,,,,,,,,,,,,,,,,,,,,,,,,,,,,,,,,,,,,,,,,,,,,,,,,,,,
0.936959326,0.937345564,0.937685966,0.938073874,0.935395718,0.935800374,0.936205447,0.936602712,0.933740199,0.933711171,0.93371737,0.933728456,0.930834293,0.930832505,0.930838823,0.930861831,0.930714369,0.93072629,0.930823743,0.93123889,0.928214073,0.928210676,0.928197086,0.928209484,0.928173244,0.928186059,0.928197563,0.928200305,0.92487067,0.92489028,0.924910486,0.92493391,0.925048769,0.925026417,0.925022662,0.925018847,0.922141612,0.922206819,0.922223985,0.92225498,0.922199547,0.92218709,0.922210455,0.922221065,0.919022858,0.919023395,0.919029772,0.91908133,0.918998003,0.919508994,0.920013607,0.920511961,0.921003938,0.921490014,0.921969891,0.922444165,0.922912419,0.922906518,0.922912657,0.922925115,0.922929645,0.922924101,0.922944486,0.922876716,0.922704697,0.92271775,0.922843575,0.923317552,0.923350334,0.923377514,0.923377454,0.923404634,0.926292181,0.926284671,0.926254988,0.926262021,0.926240027,0.926319778,0.926295817,0.923483729,0.923352718,0.922909379,0.922468305,0.922007799,0.921544731,0.921145678,0.920677841,0.920222163,0.922911763,0.922429562,0.921964109,0.921476364,0.920976698,0.92050308,0.919990003,0.919533432,0.922233343,0.922233343,0.922233462,0.922233343,0.922233343,0.922233462,0.922233462,0.922233462,0.922233343,0.922233462,0.922233462,0.922233343,0.922233462,0.922233343,0.922233343,0.922233462,0.922233462,0.922239304,0.92234534,0.922851264,0.922877669,0.922864974,0.922855794,0.922813714,0.92276746,0.922782481,0.922782242,0.922783494,0.922793865,0.922844887,0.922862113,0.92283529,0.922957242,0.922974586,0.922975898,0.922988415,0.922989905,0.923048973,0.923069775,0.923038363,0.923371911,0.923371911,0.923371911,0.923371911,0.923371911,0.923371911,0.923371971,0.923371911,0.923371911,0.923868537,0.924357176,0.924827039,0.925296247,0.925768316,0.926218569,0.926630259,0.924171746,0.924171746,0.924171805,0.924171805,0.924171746,0.924171746,0.924171746,0.924171746,0.924171805,0.924098849,0.924102664,0.924042404,0.922717035,0.919651926,0.913178563,0.907064915,0.901633799,0.901622951,0.901571453,0.901563287,0.900182903,0.898233593,0.898185432,0.898152173,0.896980643,0.894809902,0.894778192,0.894776821,0.894705117,0.888847291,0.882228017,0.875968456,0.872626483,0.872619808,0.872574508,0.872545898,0.872543991,0.867204726,0.860565841,0.857351422,0.857347548,0.85175854,0.846151769,0.84056139,0.835206747,0.83036226,0.825093806,0.820066631,0.817658782,0.812597513,0.807638943,0.803256452,0.798409402,0.793796003,0.788880885,0.784861863,0.782843471,0.78403914,0.785277367,0.786526918,0.787725389,0.783801854,0.779203832,0.774848521,0.772762239,0.774020672,0.775226295,0.776481926,0.777683318,0.774093688,0.769688308,0.765850246,0.763854682,0.765092492,0.766339123,0.767594755,0.768773854,0.765145361,0.761002839,0.75716573,0.755379081,0.751454771,0.747480452,0.743564129,0.739592314,0.735965192,0.732082605,0.72840935,0.726651311,0.72305584,0.719321966,0.717607856,0.713965714,0.710306406,0.706791937,0.703421414,0.701794147,0.698296845,0.694810987,0.691358864,0.688037276,0.684822559,0.681448758,0.67827332,0.676746428,0.672109008,0.667487621,0.662862897,0.661025047,0.656275809,0.651492715,0.647267282,0.647230387,0.642620385,0.637951016,0.633321404,0.631400466,0.626773179,0.622013688,0.617418289,0.617443442,0.617412984,0.617521465,0.617541015,0.620570481,0.620335698,0.620379329,0.620335221,0.620286822,0.61552614,0.610775352,0.605985403,0.604412317,0.59987843,0.595109642,0.590479791,0.590307951,0.585623741,0.58103317,0.576284289,0.574499726,0.569777429,0.565064728,0.56036818,0.558890462,0.554216027,0.549509764,0.544746995,0.54327035,0.538837731,0.534086227,0.529450178,0.529334486,0.525970161,0.52259171,0.519199014,0.515792012,0.512370408,0.50893414,0.505483031,0.502016902,0.497264892,0.492459565,0.487643868,0.482831925,0.478194684,0.473378837,0.468725979,0.467373729,0.463569075,0.45976752,0.455932587,0.452084005,0.448354304,0.44447574,0.440697342,0.437972277,0.433123767,0.428471953,0.423564196,0.41878441,0.413874596,0.409013569,0.407689244,0.406621993,0.404604942,0.402621418,0.402531058,0.40655756,0.410566926,0.414039254,0.418017119,0.42183885,0.420890421,0.424737394,0.428704679,0.432408214,0.436348766,0.440215856,0.444124848,0.447790623,0.44684428,0.45066461,0.454480529,0.45827198,0.462053359,0.465491951,0.469247341,0.472979128,0.476294249,0.48100397,0.485691696,0.490405887,0.495117784,0.499367505,0.504076898,0.508625448,0.509681761,0.507398784,0.505128801,0.502806008,0.500457466,0.498228073,0.495834947,0.493569732,0.493565202,0.498434901,0.503342032,0.508252025,0.512982309,0.517893016,0.522623599,0.523917854,0.528839588,0.533761382,0.538683295,0.543605447,0.548527777,0.553450227,0.558372855,0.563295603,0.56820935,0.573044181,0.577573359,0.582505047,0.587267578,0.592199743,0.596978009,0.597192883,0.597282648,0.600470185,0.603641331,0.606807888,0.609960616,0.612860918,0.615987241,0.61908108,0.619071364,0.623872042,0.628528655,0.633333206,0.638135791,0.642143667,0.646888852,0.65148294,0.651231647,0.656017601,0.657548964,0.660514653,0.663673878,0.668489456,0.673364997,0.675499856,0.680307388,0.685216069,0.690119386,0.694989979,0.699485123,0.704314291,0.7089625,0.709014237,0.71187228,0.714780033,0.717623651,0.720477462,0.723237514,0.726097167,0.728883326,0.729069293,0.733780324,0.73821348,0.742903411,0.747592866,0.747402787,0.747390866,0.747442245,0.746980608,0.751651645,0.75607872,0.760486543,0.765095651,0.769552946,0.77401793,0.778545618,0.783109188,0.787406921,0.792061806,0.79450202,0.79906857,0.803705931,0.808178544,0.810583115,0.810479641,0.809660733,0.808820307,0.807929158,0.809657693,0.813413024,0.817211926,0.821080565,0.822893679,0.827738822,0.83243978,0.83697623,0.841895461,0.846664369,0.851643682,0.856183052,0.856062949,0.858603418,0.861148179,0.863084376,0.865578592,0.868011415,0.870562494,0.873133957,0.873175979,0.87566942,0.878117919,0.880570889,0.883109689,0.885506153,0.888026297,0.890523911,0.890617788,0.893139482,0.895616949,0.898120761,0.900622785,0.903082788,0.905570269,0.90799731,0.90817529,0.912720978,0.917444289,0.922127485,0.92668438,0.931379616,0.936072826,0.940749347,0.945492685
0.757247136,,,,,,,,,,,,,,,,,,,,,,,,,,,,,,,,,,,,,,,,,,,,,,,,,,,,,,,,,,,,,,,,,,,,,,,,,,,,,,,,,,,,,,,,,,,,,,,,,,,,,,,,,,,,,,,,,,,,,,,,,,,,,,,,,,,,,,,,,,,,,,,,,,,,,,,,,,,,,,,,,,,,,,,,,,,,,,,,,,,,,,,,,,,,,,,,,,,,,,,,,,,,,,,,,,,,,,,,,,,,,,,,,,,,,,,,,,,,,,,,,,,,,,,,,,,,,,,,,,,,,,,,,,,,,,,,,,,,,,,,,,,,,,,,,,,,,,,,,,,,,,,,,,,,,,,,,,,,,,,,,,,,,,,,,,,,,,,,,,,,,,,,,,,,,,,,,,,,,,,,,,,,,,,,,,,,,,,,,,,,,,,,,,,,,,,,,,,,,,,,,,,,,,,,,,,,,,,,,,,,,,,,,,,,,,,,,,,,,,,,,,,,,,,,,,,,,,,,,,,,,,,,,,,,,,,,,,,,,,,,,,,,,,,,,,,,,,,,,,,,,,,,,,,,,,,,
,,,,,,,,,,,,,,,,,,,,,,,,,,,,,,,,,,,,,,,,,,,,,,,,,,,,,,,,,,,,,,,,,,,,,,,,,,,,,,,,,,,,,,,,,,,,,,,,,,,,,,,,,,,,,,,,,,,,,,,,,,,,,,,,,,,,,,,,,,,,,,,,,,,,,,,,,,,,,,,,,,,,,,,,,,,,,,,,,,,,,,,,,,,,,,,,,,,,,,,,,,,,,,,,,,,,,,,,,,,,,,,,,,,,,,,,,,,,,,,,,,,,,,,,,,,,,,,,,,,,,,,,,,,,,,,,,,,,,,,,,,,,,,,,,,,,,,,,,,,,,,,,,,,,,,,,,,,,,,,,,,,,,,,,,,,,,,,,,,,,,,,,,,,,,,,,,,,,,,,,,,,,,,,,,,,,,,,,,,,,,,,,,,,,,,,,,,,,,,,,,,,,,,,,,,,,,,,,,,,,,,,,,,,,,,,,,,,,,,,,,,,,,,,,,,,,,,,,,,,,,,,,,,,,,,,,,,,,,,,,,,,,,,,,,,,,,,,,,,,,,,,,,,,,,,,,
,,,,,,,,,,,,,,,,,,,,,,,,,,,,,,,,,,,,,,,,,,,,,,,,,,,,,,,,,,,,,,,,,,,,,,,,,,,,,,,,,,,,,,,,,,,,,,,,,,,,,,,,,,,,,,,,,,,,,,,,,,,,,,,,,,,,,,,,,,,,,,,,,,,,,,,,,,,,,,,,,,,,,,,,,,,,,,,,,,,,,,,,,,,,,,,,,,,,,,,,,,,,,,,,,,,,,,,,,,,,,,,,,,,,,,,,,,,,,,,,,,,,,,,,,,,,,,,,,,,,,,,,,,,,,,,,,,,,,,,,,,,,,,,,,,,,,,,,,,,,,,,,,,,,,,,,,,,,,,,,,,,,,,,,,,,,,,,,,,,,,,,,,,,,,,,,,,,,,,,,,,,,,,,,,,,,,,,,,,,,,,,,,,,,,,,,,,,,,,,,,,,,,,,,,,,,,,,,,,,,,,,,,,,,,,,,,,,,,,,,,,,,,,,,,,,,,,,,,,,,,,,,,,,,,,,,,,,,,,,,,,,,,,,,,,,,,,,,,,,,,,,,,,,,,,,,
ruiji4,,,,,,,,,,,,,,,,,,,,,,,,,,,,,,,,,,,,,,,,,,,,,,,,,,,,,,,,,,,,,,,,,,,,,,,,,,,,,,,,,,,,,,,,,,,,,,,,,,,,,,,,,,,,,,,,,,,,,,,,,,,,,,,,,,,,,,,,,,,,,,,,,,,,,,,,,,,,,,,,,,,,,,,,,,,,,,,,,,,,,,,,,,,,,,,,,,,,,,,,,,,,,,,,,,,,,,,,,,,,,,,,,,,,,,,,,,,,,,,,,,,,,,,,,,,,,,,,,,,,,,,,,,,,,,,,,,,,,,,,,,,,,,,,,,,,,,,,,,,,,,,,,,,,,,,,,,,,,,,,,,,,,,,,,,,,,,,,,,,,,,,,,,,,,,,,,,,,,,,,,,,,,,,,,,,,,,,,,,,,,,,,,,,,,,,,,,,,,,,,,,,,,,,,,,,,,,,,,,,,,,,,,,,,,,,,,,,,,,,,,,,,,,,,,,,,,,,,,,,,,,,,,,,,,,,,,,,,,,,,,,,,,,,,,,,,,,,,,,,,,,,,,,,,,,,,
,,,,,,,,,,,,,,,,,,,,,,,,,,,,,,,,,,,,,,,,,,,,,,,,,,,,,,,,,,,,,,,,,,,,,,,,,,,,,,,,,,,,,,,,,,,,,,,,,,,,,,,,,,,,,,,,,,,,,,,,,,,,,,,,,,,,,,,,,,,,,,,,,,,,,,,,,,,,,,,,,,,,,,,,,,,,,,,,,,,,,,,,,,,,,,,,,,,,,,,,,,,,,,,,,,,,,,,,,,,,,,,,,,,,,,,,,,,,,,,,,,,,,,,,,,,,,,,,,,,,,,,,,,,,,,,,,,,,,,,,,,,,,,,,,,,,,,,,,,,,,,,,,,,,,,,,,,,,,,,,,,,,,,,,,,,,,,,,,,,,,,,,,,,,,,,,,,,,,,,,,,,,,,,,,,,,,,,,,,,,,,,,,,,,,,,,,,,,,,,,,,,,,,,,,,,,,,,,,,,,,,,,,,,,,,,,,,,,,,,,,,,,,,,,,,,,,,,,,,,,,,,,,,,,,,,,,,,,,,,,,,,,,,,,,,,,,,,,,,,,,,,,,,,,,,,,
0.936959326,0.937345564,0.937685966,0.938073874,0.935395718,0.935800374,0.936205447,0.936602712,0.933740199,0.933711171,0.93371737,0.933728456,0.930834293,0.930832505,0.930838823,0.930861831,0.930714369,0.93072629,0.930823743,0.93123889,0.928214073,0.928210676,0.928197086,0.928209484,0.928173244,0.928186059,0.928197563,0.928200305,0.92487067,0.92489028,0.924910486,0.92493391,0.925048769,0.925026417,0.925022662,0.925018847,0.922141612,0.922206819,0.922223985,0.92225498,0.922199547,0.92218709,0.922210455,0.922221065,0.919022858,0.919023395,0.919029772,0.91908133,0.918998003,0.919508994,0.920013607,0.920511961,0.921003938,0.921490014,0.921969891,0.922444165,0.922912419,0.922906518,0.922912657,0.922925115,0.922929645,0.922924101,0.922944486,0.922876716,0.922704697,0.92271775,0.922843575,0.923317552,0.923350334,0.923377514,0.923377454,0.923404634,0.926292181,0.926284671,0.926254988,0.926262021,0.926240027,0.926319778,0.926295817,0.923483729,0.923352718,0.922909379,0.922468305,0.922007799,0.921544731,0.921145678,0.920677841,0.920222163,0.922911763,0.922429562,0.921964109,0.921476364,0.920976698,0.92050308,0.919990003,0.919533432,0.922233343,0.922233343,0.922233462,0.922233343,0.922233343,0.922233462,0.922233462,0.922233462,0.922233343,0.922233462,0.922233462,0.922233343,0.922233462,0.922233343,0.922233343,0.922233462,0.922233462,0.922239304,0.92234534,0.922851264,0.922877669,0.922864974,0.922855794,0.922813714,0.92276746,0.922782481,0.922782242,0.922783494,0.922793865,0.922844887,0.922862113,0.92283529,0.922957242,0.922974586,0.922975898,0.922988415,0.922989905,0.923048973,0.923069775,0.923038363,0.923371911,0.923371911,0.923371911,0.923371911,0.923371911,0.923371911,0.923371971,0.923371911,0.923371911,0.923868537,0.924357176,0.924827039,0.925296247,0.925768316,0.926218569,0.926630259,0.924171746,0.924171746,0.924171805,0.924171805,0.924171746,0.924171746,0.924171746,0.924171746,0.924171805,0.924118459,0.924123883,0.92399925,0.923510253,0.91717118,0.910757303,0.904962778,0.904502451,0.898404896,0.892549396,0.886320353,0.882944643,0.876565814,0.870168984,0.863669991,0.860240102,0.860225976,0.860195935,0.860171676,0.860064864,0.854424357,0.84791106,0.841463566,0.83813709,0.831655622,0.825193644,0.818802357,0.814728677,0.809227824,0.802992523,0.800016224,0.800024033,0.794642091,0.789374828,0.784127712,0.778949976,0.774147272,0.769099355,0.764402211,0.762126446,0.757423282,0.75257951,0.748300016,0.744075179,0.739630401,0.735047698,0.730727196,0.728696704,0.730303884,0.731860459,0.733424664,0.734974921,0.736410797,0.737926304,0.73931253,0.737520993,0.733519673,0.729263783,0.725069523,0.720958233,0.717119992,0.713125944,0.710051775,0.708229005,0.70445025,0.700607955,0.696824014,0.693107486,0.689963639,0.686224699,0.682732105,0.681095958,0.677512348,0.673829257,0.670202017,0.666665316,0.663393974,0.659874916,0.656542599,0.654966235,0.651705325,0.648320138,0.646758497,0.643456161,0.640138686,0.636951923,0.633895099,0.632413208,0.629207492,0.626373351,0.62322855,0.620128632,0.621837139,0.623645961,0.625320852,0.624074876,0.620722115,0.61746794,0.614154756,0.613695979,0.610252023,0.606765211,0.603381395,0.604738474,0.60139662,0.598007143,0.594610155,0.59415859,0.590760231,0.587214947,0.58382237,0.585228264,0.580215812,0.575369537,0.570414126,0.56879133,0.56422025,0.559317052,0.554339111,0.554205358,0.549304187,0.544422567,0.539499521,0.53809315,0.533385158,0.528426826,0.523584843,0.523406327,0.518508017,0.513739347,0.508767366,0.507112563,0.502173126,0.497248381,0.49234429,0.491008967,0.48613891,0.481263041,0.47631073,0.475010425,0.4704023,0.46546194,0.460622102,0.460504383,0.456756383,0.45299232,0.449211776,0.445414752,0.441600978,0.437770337,0.433922648,0.430057615,0.425118834,0.420118153,0.41510725,0.410099775,0.405289561,0.400278598,0.39544785,0.394166261,0.389131337,0.384110451,0.379074246,0.374038935,0.369113147,0.364076942,0.359134406,0.355062932,0.355195254,0.360168636,0.361031055,0.366127133,0.371188849,0.375875562,0.380836904,0.380890131,0.384824395,0.388701022,0.392534137,0.396314323,0.39960736,0.403289676,0.406891644,0.406025708,0.409594506,0.413190067,0.416597873,0.420100451,0.423533589,0.426942497,0.430171341,0.429547518,0.432823896,0.436055809,0.439257711,0.442419171,0.445183635,0.44827041,0.451292723,0.450389415,0.454367667,0.458316863,0.462251127,0.46615985,0.469712853,0.473574191,0.477386177,0.477443159,0.481233507,0.485093594,0.48613885,0.484478831,0.482789755,0.4813748,0.479936689,0.480103821,0.478405476,0.476606429,0.476041079,0.474310398,0.472603202,0.470909238,0.469324112,0.469465435,0.473303765,0.477082521,0.480875939,0.484653056,0.488263458,0.492002666,0.49556911,0.495761305,0.501141012,0.50652796,0.511908233,0.51729089,0.521922112,0.527303457,0.532645106,0.532727718,0.53286618,0.532800019,0.533021808,0.531232297,0.531215787,0.531211972,0.531285942,0.531307936,0.531295061,0.531346738,0.531347692,0.534875453,0.539938927,0.545179367,0.549819469,0.553287506,0.558520854,0.563868284,0.569063902,0.573149383,0.577982247,0.583287895,0.588566422,0.591922343,0.591255188,0.590855896,0.590231359,0.589790046,0.591111422,0.592321038,0.595515072,0.596865118,0.598222733,0.599589348,0.600934267,0.602201521,0.603547633,0.604948878,0.606359959,0.60766232,0.609497011,0.611511946,0.613452673,0.613948584,0.616104603,0.618166268,0.620176613,0.622280598,0.625779092,0.629438996,0.632926583,0.636678874,0.64041543,0.64425981,0.647940993,0.649529994,0.653476417,0.657492578,0.661400318,0.665496886,0.668878675,0.673036754,0.677257538,0.678919911,0.680613935,0.682320595,0.68403995,0.685772181,0.687517405,0.68927592,0.691047788,0.692833245,0.694604099,0.696388364,0.698186278,0.699998081,0.701823831,0.703663766,0.705518067,0.707386792,0.709186733,0.71113044,0.713091731,0.714879632,0.71687305,0.718822956,0.720755458,0.722706735,0.722004712,0.721411109,0.720804334,0.720153391,0.719827831,0.719316721,0.719092429,0.721179783,0.720885396,0.720458686,0.720330656,0.719977796,0.719721973,0.719425797,0.719365895,0.721580029,0.719254673,0.717020869,0.715069711,0.712673783,0.710363567,0.708435535,0.706284225,0.706268728
0.705599078,,,,,,,,,,,,,,,,,,,,,,,,,,,,,,,,,,,,,,,,,,,,,,,,,,,,,,,,,,,,,,,,,,,,,,,,,,,,,,,,,,,,,,,,,,,,,,,,,,,,,,,,,,,,,,,,,,,,,,,,,,,,,,,,,,,,,,,,,,,,,,,,,,,,,,,,,,,,,,,,,,,,,,,,,,,,,,,,,,,,,,,,,,,,,,,,,,,,,,,,,,,,,,,,,,,,,,,,,,,,,,,,,,,,,,,,,,,,,,,,,,,,,,,,,,,,,,,,,,,,,,,,,,,,,,,,,,,,,,,,,,,,,,,,,,,,,,,,,,,,,,,,,,,,,,,,,,,,,,,,,,,,,,,,,,,,,,,,,,,,,,,,,,,,,,,,,,,,,,,,,,,,,,,,,,,,,,,,,,,,,,,,,,,,,,,,,,,,,,,,,,,,,,,,,,,,,,,,,,,,,,,,,,,,,,,,,,,,,,,,,,,,,,,,,,,,,,,,,,,,,,,,,,,,,,,,,,,,,,,,,,,,,,,,,,,,,,,,,,,,,,,,,,,,,,,,
